Modo,Cenario,Threads,Escalonamento,Chunk,Resolucao,MaxIter,Vezes,T_Med_Glob,T_Min_Glob,T_Max_Glob,T_Med_Seq,Speedup,Eficiencia,FatorBal,Simetria,T_Min_Thr,T_Max_Thr,T_Med_Thr,Acuracia_%,Diferentes,Dif_Alem_Tol,Aprovado,Medias_Threads,caso,baseline_key,threads_alvo,repeticao
Sequencial, A_padrao_4096   ,1, N/A          ,0, 4096x4096 ,1000,3,2.915295,2.892418,2.946347,-1.0,0.0,0.0,1.0, Aplicada,2.892418,2.946347,2.915295,0.0,0,0, N/A       , 2.915295,A_padrao_4096,A_padrao_4096,,1
Sequencial, A_padrao_4096   ,1, N/A          ,0, 4096x4096 ,1000,3,2.875389,2.862345,2.891306,-1.0,0.0,0.0,1.0, Aplicada,2.862345,2.891306,2.875389,0.0,0,0, Nao       , 2.875389,A_padrao_4096,A_padrao_4096,,2
Sequencial, A_padrao_4096   ,1, N/A          ,0, 4096x4096 ,1000,3,2.866663,2.859862,2.874862,-1.0,0.0,0.0,1.0, Aplicada,2.859862,2.874862,2.866663,0.0,0,0, Nao       , 2.866663,A_padrao_4096,A_padrao_4096,,3
Sequencial, A_padrao_4096   ,1, N/A          ,0, 4096x4096 ,1000,3,2.866189,2.86189,2.871874,-1.0,0.0,0.0,1.0, Aplicada,2.86189,2.871874,2.866189,0.0,0,0, Nao       , 2.866189,A_padrao_4096,A_padrao_4096,,4
Sequencial, A_padrao_4096   ,1, N/A          ,0, 4096x4096 ,1000,3,2.888312,2.876822,2.905934,-1.0,0.0,0.0,1.0, Aplicada,2.876822,2.905934,2.888312,0.0,0,0, Nao       , 2.888312,A_padrao_4096,A_padrao_4096,,5
Sequencial, A_padrao_4096   ,1, N/A          ,0, 4096x4096 ,1000,3,2.880426,2.865815,2.891684,-1.0,0.0,0.0,1.0, Aplicada,2.865815,2.891684,2.880426,0.0,0,0, Nao       , 2.880426,A_padrao_4096,A_padrao_4096,,6
Sequencial, A_padrao_4096   ,1, N/A          ,0, 4096x4096 ,1000,3,2.871997,2.863791,2.888087,-1.0,0.0,0.0,1.0, Aplicada,2.863791,2.888087,2.871997,0.0,0,0, Nao       , 2.871997,A_padrao_4096,A_padrao_4096,,7
Sequencial, A_padrao_4096   ,1, N/A          ,0, 4096x4096 ,1000,3,2.861512,2.856793,2.86535,-1.0,0.0,0.0,1.0, Aplicada,2.856793,2.86535,2.861512,0.0,0,0, N/A       , 2.861512,A_padrao_4096,A_padrao_4096,,8
Sequencial, A_padrao_4096   ,1, N/A          ,0, 4096x4096 ,1000,3,2.874461,2.871523,2.87907,-1.0,0.0,0.0,1.0, Aplicada,2.871523,2.87907,2.874461,0.0,0,0, Nao       , 2.874461,A_padrao_4096,A_padrao_4096,,9
Sequencial, A_padrao_4096   ,1, N/A          ,0, 4096x4096 ,1000,3,2.870793,2.858191,2.884193,-1.0,0.0,0.0,1.0, Aplicada,2.858191,2.884193,2.870793,0.0,0,0, Nao       , 2.870793,A_padrao_4096,A_padrao_4096,,10
Sequencial, B_cavalos_4096  ,1, N/A          ,0, 4096x4096 ,5000,3,2.4716,2.470939,2.472705,-1.0,0.0,0.0,1.0, Nao     ,2.470939,2.472705,2.4716,0.0,0,0, Nao       , 2.471600,B_cavalos_4096,B_cavalos_4096,,1
Sequencial, B_cavalos_4096  ,1, N/A          ,0, 4096x4096 ,5000,3,2.460553,2.454052,2.464491,-1.0,0.0,0.0,1.0, Nao     ,2.454052,2.464491,2.460553,0.0,0,0, Nao       , 2.460553,B_cavalos_4096,B_cavalos_4096,,2
Sequencial, B_cavalos_4096  ,1, N/A          ,0, 4096x4096 ,5000,3,2.461594,2.44958,2.482646,-1.0,0.0,0.0,1.0, Nao     ,2.44958,2.482646,2.461594,0.0,0,0, Nao       , 2.461594,B_cavalos_4096,B_cavalos_4096,,3
Sequencial, B_cavalos_4096  ,1, N/A          ,0, 4096x4096 ,5000,3,2.469308,2.467042,2.473062,-1.0,0.0,0.0,1.0, Nao     ,2.467042,2.473062,2.469308,0.0,0,0, N/A       , 2.469308,B_cavalos_4096,B_cavalos_4096,,4
Sequencial, B_cavalos_4096  ,1, N/A          ,0, 4096x4096 ,5000,3,2.508625,2.454452,2.574703,-1.0,0.0,0.0,1.0, Nao     ,2.454452,2.574703,2.508625,0.0,0,0, N/A       , 2.508625,B_cavalos_4096,B_cavalos_4096,,5
Sequencial, B_cavalos_4096  ,1, N/A          ,0, 4096x4096 ,5000,3,2.529039,2.498684,2.565001,-1.0,0.0,0.0,1.0, Nao     ,2.498684,2.565001,2.529039,0.0,0,0, N/A       , 2.529039,B_cavalos_4096,B_cavalos_4096,,6
Sequencial, B_cavalos_4096  ,1, N/A          ,0, 4096x4096 ,5000,3,2.532193,2.486051,2.599045,-1.0,0.0,0.0,1.0, Nao     ,2.486051,2.599045,2.532193,0.0,0,0, N/A       , 2.532193,B_cavalos_4096,B_cavalos_4096,,7
Sequencial, B_cavalos_4096  ,1, N/A          ,0, 4096x4096 ,5000,3,2.512039,2.47023,2.542891,-1.0,0.0,0.0,1.0, Nao     ,2.47023,2.542891,2.512039,0.0,0,0, Nao       , 2.512039,B_cavalos_4096,B_cavalos_4096,,8
Sequencial, B_cavalos_4096  ,1, N/A          ,0, 4096x4096 ,5000,3,2.474472,2.450353,2.510497,-1.0,0.0,0.0,1.0, Nao     ,2.450353,2.510497,2.474472,0.0,0,0, Nao       , 2.474472,B_cavalos_4096,B_cavalos_4096,,9
Sequencial, B_cavalos_4096  ,1, N/A          ,0, 4096x4096 ,5000,3,2.627139,2.55606,2.694362,-1.0,0.0,0.0,1.0, Nao     ,2.55606,2.694362,2.627139,0.0,0,0, Nao       , 2.627139,B_cavalos_4096,B_cavalos_4096,,10
Sequencial, C_weak_5793     ,1, N/A          ,0, 5793x5793 ,1000,3,5.799385,5.748294,5.849977,-1.0,0.0,0.0,1.0, Aplicada,5.748294,5.849977,5.799385,0.0,0,0, Nao       , 5.799385,C_weak_5793,C_weak_5793,,1
Sequencial, C_weak_5793     ,1, N/A          ,0, 5793x5793 ,1000,3,5.74581,5.723751,5.766569,-1.0,0.0,0.0,1.0, Aplicada,5.723751,5.766569,5.74581,0.0,0,0, Nao       , 5.745810,C_weak_5793,C_weak_5793,,2
Sequencial, C_weak_5793     ,1, N/A          ,0, 5793x5793 ,1000,3,5.738456,5.734014,5.745272,-1.0,0.0,0.0,1.0, Aplicada,5.734014,5.745272,5.738456,0.0,0,0, N/A       , 5.738456,C_weak_5793,C_weak_5793,,3
Sequencial, C_weak_5793     ,1, N/A          ,0, 5793x5793 ,1000,3,5.788109,5.757986,5.846665,-1.0,0.0,0.0,1.0, Aplicada,5.757986,5.846665,5.788109,0.0,0,0, Nao       , 5.788109,C_weak_5793,C_weak_5793,,4
Sequencial, C_weak_5793     ,1, N/A          ,0, 5793x5793 ,1000,3,5.759083,5.751312,5.773965,-1.0,0.0,0.0,1.0, Aplicada,5.751312,5.773965,5.759083,0.0,0,0, Nao       , 5.759083,C_weak_5793,C_weak_5793,,5
Sequencial, C_weak_5793     ,1, N/A          ,0, 5793x5793 ,1000,3,5.761106,5.731625,5.777576,-1.0,0.0,0.0,1.0, Aplicada,5.731625,5.777576,5.761106,0.0,0,0, Nao       , 5.761106,C_weak_5793,C_weak_5793,,6
Sequencial, C_weak_5793     ,1, N/A          ,0, 5793x5793 ,1000,3,5.755863,5.734124,5.776731,-1.0,0.0,0.0,1.0, Aplicada,5.734124,5.776731,5.755863,0.0,0,0, Nao       , 5.755863,C_weak_5793,C_weak_5793,,7
Sequencial, C_weak_5793     ,1, N/A          ,0, 5793x5793 ,1000,3,5.750848,5.728984,5.775486,-1.0,0.0,0.0,1.0, Aplicada,5.728984,5.775486,5.750848,0.0,0,0, Nao       , 5.750848,C_weak_5793,C_weak_5793,,8
Sequencial, C_weak_5793     ,1, N/A          ,0, 5793x5793 ,1000,3,5.753581,5.723487,5.776233,-1.0,0.0,0.0,1.0, Aplicada,5.723487,5.776233,5.753581,0.0,0,0, N/A       , 5.753581,C_weak_5793,C_weak_5793,,9
Sequencial, C_weak_5793     ,1, N/A          ,0, 5793x5793 ,1000,3,5.746492,5.7352,5.761945,-1.0,0.0,0.0,1.0, Aplicada,5.7352,5.761945,5.746492,0.0,0,0, Nao       , 5.746492,C_weak_5793,C_weak_5793,,10
Sequencial, C_weak_8192     ,1, N/A          ,0, 8192x8192 ,1000,3,11.475531,11.448726,11.507205,-1.0,0.0,0.0,1.0, Aplicada,11.448726,11.507205,11.475531,0.0,0,0, Nao       , 11.475531,C_weak_8192,C_weak_8192,,1
Sequencial, C_weak_8192     ,1, N/A          ,0, 8192x8192 ,1000,3,11.497453,11.486541,11.503064,-1.0,0.0,0.0,1.0, Aplicada,11.486541,11.503064,11.497453,0.0,0,0, Nao       , 11.497453,C_weak_8192,C_weak_8192,,2
Sequencial, C_weak_8192     ,1, N/A          ,0, 8192x8192 ,1000,3,11.449031,11.429585,11.459183,-1.0,0.0,0.0,1.0, Aplicada,11.429585,11.459183,11.449031,0.0,0,0, Nao       , 11.449031,C_weak_8192,C_weak_8192,,3
Sequencial, C_weak_8192     ,1, N/A          ,0, 8192x8192 ,1000,3,11.481764,11.456187,11.528095,-1.0,0.0,0.0,1.0, Aplicada,11.456187,11.528095,11.481764,0.0,0,0, Nao       , 11.481764,C_weak_8192,C_weak_8192,,4
Sequencial, C_weak_8192     ,1, N/A          ,0, 8192x8192 ,1000,3,11.475416,11.47033,11.481946,-1.0,0.0,0.0,1.0, Aplicada,11.47033,11.481946,11.475416,0.0,0,0, Nao       , 11.475416,C_weak_8192,C_weak_8192,,5
Sequencial, C_weak_8192     ,1, N/A          ,0, 8192x8192 ,1000,3,11.465652,11.421296,11.498242,-1.0,0.0,0.0,1.0, Aplicada,11.421296,11.498242,11.465652,0.0,0,0, Nao       , 11.465652,C_weak_8192,C_weak_8192,,6
Sequencial, C_weak_8192     ,1, N/A          ,0, 8192x8192 ,1000,3,11.469045,11.455674,11.488653,-1.0,0.0,0.0,1.0, Aplicada,11.455674,11.488653,11.469045,0.0,0,0, Nao       , 11.469045,C_weak_8192,C_weak_8192,,7
Sequencial, C_weak_8192     ,1, N/A          ,0, 8192x8192 ,1000,3,11.472237,11.441337,11.511596,-1.0,0.0,0.0,1.0, Aplicada,11.441337,11.511596,11.472237,0.0,0,0, N/A       , 11.472237,C_weak_8192,C_weak_8192,,8
Sequencial, C_weak_8192     ,1, N/A          ,0, 8192x8192 ,1000,3,11.473869,11.438323,11.519321,-1.0,0.0,0.0,1.0, Aplicada,11.438323,11.519321,11.473869,0.0,0,0, Nao       , 11.473869,C_weak_8192,C_weak_8192,,9
Sequencial, C_weak_8192     ,1, N/A          ,0, 8192x8192 ,1000,3,11.470991,11.435859,11.490244,-1.0,0.0,0.0,1.0, Aplicada,11.435859,11.490244,11.470991,0.0,0,0, N/A       , 11.470991,C_weak_8192,C_weak_8192,,10
Sequencial, C_weak_11585    ,1, N/A          ,0, 11585x11585,1000,3,23.00521,22.965905,23.037979,-1.0,0.0,0.0,1.0, Aplicada,22.965905,23.037979,23.00521,0.0,0,0, Nao       , 23.005210,C_weak_11585,C_weak_11585,,1
Sequencial, C_weak_11585    ,1, N/A          ,0, 11585x11585,1000,3,22.960905,22.929255,22.984276,-1.0,0.0,0.0,1.0, Aplicada,22.929255,22.984276,22.960905,0.0,0,0, N/A       , 22.960905,C_weak_11585,C_weak_11585,,2
Sequencial, C_weak_11585    ,1, N/A          ,0, 11585x11585,1000,3,22.972491,22.923002,23.058685,-1.0,0.0,0.0,1.0, Aplicada,22.923002,23.058685,22.972491,0.0,0,0, Nao       , 22.972491,C_weak_11585,C_weak_11585,,3
Sequencial, C_weak_11585    ,1, N/A          ,0, 11585x11585,1000,3,22.975381,22.911141,23.033576,-1.0,0.0,0.0,1.0, Aplicada,22.911141,23.033576,22.975381,0.0,0,0, Nao       , 22.975381,C_weak_11585,C_weak_11585,,4
Sequencial, C_weak_11585    ,1, N/A          ,0, 11585x11585,1000,3,22.963681,22.922488,22.997075,-1.0,0.0,0.0,1.0, Aplicada,22.922488,22.997075,22.963681,0.0,0,0, N/A       , 22.963681,C_weak_11585,C_weak_11585,,5
Sequencial, C_weak_11585    ,1, N/A          ,0, 11585x11585,1000,3,22.965408,22.929712,23.002397,-1.0,0.0,0.0,1.0, Aplicada,22.929712,23.002397,22.965408,0.0,0,0, N/A       , 22.965408,C_weak_11585,C_weak_11585,,6
Sequencial, C_weak_11585    ,1, N/A          ,0, 11585x11585,1000,3,23.007464,22.966664,23.087,-1.0,0.0,0.0,1.0, Aplicada,22.966664,23.087,23.007464,0.0,0,0, N/A       , 23.007464,C_weak_11585,C_weak_11585,,7
Sequencial, C_weak_11585    ,1, N/A          ,0, 11585x11585,1000,3,22.983286,22.976908,22.989818,-1.0,0.0,0.0,1.0, Aplicada,22.976908,22.989818,22.983286,0.0,0,0, Nao       , 22.983286,C_weak_11585,C_weak_11585,,8
Sequencial, C_weak_11585    ,1, N/A          ,0, 11585x11585,1000,3,23.003479,22.93706,23.080185,-1.0,0.0,0.0,1.0, Aplicada,22.93706,23.080185,23.003479,0.0,0,0, N/A       , 23.003479,C_weak_11585,C_weak_11585,,9
Sequencial, C_weak_11585    ,1, N/A          ,0, 11585x11585,1000,3,22.949395,22.932767,22.979549,-1.0,0.0,0.0,1.0, Aplicada,22.932767,22.979549,22.949395,0.0,0,0, N/A       , 22.949395,C_weak_11585,C_weak_11585,,10
Sequencial, C_weak_16384    ,1, N/A          ,0, 16384x16384,1000,3,46.012465,45.937499,46.130976,-1.0,0.0,0.0,1.0, Aplicada,45.937499,46.130976,46.012465,0.0,0,0, N/A       , 46.012465,C_weak_16384,C_weak_16384,,1
Sequencial, C_weak_16384    ,1, N/A          ,0, 16384x16384,1000,3,45.912506,45.886363,45.949839,-1.0,0.0,0.0,1.0, Aplicada,45.886363,45.949839,45.912506,0.0,0,0, Nao       , 45.912506,C_weak_16384,C_weak_16384,,2
Sequencial, C_weak_16384    ,1, N/A          ,0, 16384x16384,1000,3,45.836388,45.811991,45.850093,-1.0,0.0,0.0,1.0, Aplicada,45.811991,45.850093,45.836388,0.0,0,0, Nao       , 45.836388,C_weak_16384,C_weak_16384,,3
Sequencial, C_weak_16384    ,1, N/A          ,0, 16384x16384,1000,3,45.837201,45.818013,45.850329,-1.0,0.0,0.0,1.0, Aplicada,45.818013,45.850329,45.837201,0.0,0,0, N/A       , 45.837201,C_weak_16384,C_weak_16384,,4
Sequencial, C_weak_16384    ,1, N/A          ,0, 16384x16384,1000,3,45.935191,45.863853,46.066323,-1.0,0.0,0.0,1.0, Aplicada,45.863853,46.066323,45.935191,0.0,0,0, Nao       , 45.935191,C_weak_16384,C_weak_16384,,5
Sequencial, C_weak_16384    ,1, N/A          ,0, 16384x16384,1000,3,45.829899,45.77795,45.927213,-1.0,0.0,0.0,1.0, Aplicada,45.77795,45.927213,45.829899,0.0,0,0, N/A       , 45.829899,C_weak_16384,C_weak_16384,,6
Sequencial, C_weak_16384    ,1, N/A          ,0, 16384x16384,1000,3,45.879021,45.845358,45.906219,-1.0,0.0,0.0,1.0, Aplicada,45.845358,45.906219,45.879021,0.0,0,0, Nao       , 45.879021,C_weak_16384,C_weak_16384,,7
Sequencial, C_weak_16384    ,1, N/A          ,0, 16384x16384,1000,3,45.85964,45.792279,45.941759,-1.0,0.0,0.0,1.0, Aplicada,45.792279,45.941759,45.85964,0.0,0,0, N/A       , 45.859640,C_weak_16384,C_weak_16384,,8
Sequencial, C_weak_16384    ,1, N/A          ,0, 16384x16384,1000,3,45.932242,45.925181,45.938867,-1.0,0.0,0.0,1.0, Aplicada,45.925181,45.938867,45.932242,0.0,0,0, Nao       , 45.932242,C_weak_16384,C_weak_16384,,9
Sequencial, C_weak_16384    ,1, N/A          ,0, 16384x16384,1000,3,45.898234,45.870535,45.913773,-1.0,0.0,0.0,1.0, Aplicada,45.870535,45.913773,45.898234,0.0,0,0, Nao       , 45.898234,C_weak_16384,C_weak_16384,,10
Paralelo,A_padrao_threads,1,Dynamic,4,4096x4096,1000,30,2.860579,2.846584,2.897723,-1.000000,-1.0000,-1.0000,0.000000,Aplicada,2.846559,2.897642,2.860548,0.0000,0,0,N/A,2.860548,A_padrao_threads,A_padrao_4096,1,
Paralelo,A_padrao_threads,2,Dynamic,4,4096x4096,1000,30,1.444159,1.432786,1.456237,-1.000000,-1.0000,-1.0000,0.000027,Aplicada,1.432712,1.456200,1.444091,0.0000,0,0,N/A,1.444102|1.444079,A_padrao_threads,A_padrao_4096,2,
Paralelo,A_padrao_threads,4,Dynamic,8,4096x4096,1000,30,0.721064,0.716096,0.725213,-1.000000,-1.0000,-1.0000,0.000133,Aplicada,0.715938,0.725137,0.720941,0.0000,0,0,N/A,0.720934|0.720941|0.720938|0.720950,A_padrao_threads,A_padrao_4096,4,
Paralelo,A_padrao_threads,8,Dynamic,16,4096x4096,1000,30,0.366302,0.362785,0.371186,-1.000000,-1.0000,-1.0000,0.001890,Aplicada,0.362535,0.371043,0.365705,0.0000,0,0,N/A,0.365648|0.365768|0.365777|0.365675|0.365769|0.365686|0.365642|0.365677,A_padrao_threads,A_padrao_4096,8,
Paralelo,A_padrao_threads,16,Dynamic,16,4096x4096,1000,30,0.211816,0.203488,0.239443,-1.000000,-1.0000,-1.0000,0.038605,Aplicada,0.194079,0.239288,0.206203,0.0000,0,0,N/A,0.205531|0.205189|0.206624|0.206559|0.206819|0.205782|0.206151|0.205831|0.206170|0.205994|0.205320|0.207346|0.206059|0.207114|0.206120|0.206633,A_padrao_threads,A_padrao_4096,16,
Paralelo,B_cavalos_threads,1,Static,0,4096x4096,5000,30,2.453871,2.445194,2.471592,-1.000000,-1.0000,-1.0000,0.000000,Nao,2.445167,2.471472,2.453841,0.0000,0,0,N/A,2.453841,B_cavalos_threads,B_cavalos_4096,1,
Paralelo,B_cavalos_threads,2,Static,0,4096x4096,5000,30,1.312142,1.299574,1.324342,-1.000000,-1.0000,-1.0000,0.109927,Nao,1.159482,1.324285,1.239957,0.0000,0,0,N/A,1.312081|1.167833,B_cavalos_threads,B_cavalos_4096,2,
Paralelo,B_cavalos_threads,4,Static,0,4096x4096,5000,30,0.703529,0.694907,0.712364,-1.000000,-1.0000,-1.0000,0.321387,Nao,0.469828,0.712256,0.620051,0.0000,0,0,N/A,0.703408|0.608925|0.690545|0.477327,B_cavalos_threads,B_cavalos_4096,4,
Paralelo,B_cavalos_threads,8,Static,0,4096x4096,5000,30,0.387653,0.380277,0.393183,-1.000000,-1.0000,-1.0000,0.531260,Nao,0.175612,0.393005,0.315041,0.0000,0,0,N/A,0.325567|0.387476|0.327328|0.292272|0.345265|0.354902|0.305905|0.181614,B_cavalos_threads,B_cavalos_4096,8,
Paralelo,B_cavalos_threads,16,Static,0,4096x4096,5000,30,0.220303,0.215050,0.226474,-1.000000,-1.0000,-1.0000,0.527526,Nao,0.098245,0.226261,0.174584,0.0000,0,0,N/A,0.174029|0.187816|0.200252|0.219951|0.180366|0.183499|0.169715|0.154573|0.191766|0.187589|0.184350|0.205614|0.202782|0.137946|0.106481|0.106619,B_cavalos_threads,B_cavalos_4096,16,
Paralelo,B_cavalos_threads,1,Dynamic,16,4096x4096,5000,30,2.454808,2.446938,2.473995,-1.000000,-1.0000,-1.0000,0.000000,Nao,2.446914,2.473971,2.454781,0.0000,0,0,N/A,2.454781,B_cavalos_threads,B_cavalos_4096,1,
Paralelo,B_cavalos_threads,2,Dynamic,16,4096x4096,5000,30,1.241643,1.232560,1.252502,-1.000000,-1.0000,-1.0000,0.003349,Nao,1.228787,1.252451,1.239512,0.0000,0,0,N/A,1.239774|1.239249,B_cavalos_threads,B_cavalos_4096,2,
Paralelo,B_cavalos_threads,4,Dynamic,16,4096x4096,5000,30,0.623793,0.618658,0.633968,-1.000000,-1.0000,-1.0000,0.008528,Nao,0.613509,0.633913,0.620987,0.0000,0,0,N/A,0.620898|0.621095|0.620473|0.621484,B_cavalos_threads,B_cavalos_4096,4,
Paralelo,B_cavalos_threads,8,Dynamic,16,4096x4096,5000,30,0.319285,0.317138,0.323201,-1.000000,-1.0000,-1.0000,0.017606,Nao,0.311270,0.323079,0.316335,0.0000,0,0,N/A,0.315682|0.316721|0.316014|0.316863|0.316775|0.316544|0.316061|0.316019,B_cavalos_threads,B_cavalos_4096,8,
Paralelo,B_cavalos_threads,16,Dynamic,16,4096x4096,5000,30,0.185275,0.180129,0.199051,-1.000000,-1.0000,-1.0000,0.036789,Nao,0.170280,0.198880,0.181030,0.0000,0,0,N/A,0.180678|0.181072|0.180527|0.181052|0.181608|0.182102|0.180481|0.181050|0.180810|0.180657|0.180468|0.181087|0.181529|0.181053|0.181259|0.181050,B_cavalos_threads,B_cavalos_4096,16,
Paralelo,B_cavalos_threads,1,Guided,16,4096x4096,5000,30,2.458585,2.446668,2.481237,-1.000000,-1.0000,-1.0000,0.000000,Nao,2.446641,2.481213,2.458559,0.0000,0,0,N/A,2.458559,B_cavalos_threads,B_cavalos_4096,1,
Paralelo,B_cavalos_threads,2,Guided,16,4096x4096,5000,30,1.310797,1.296402,1.331256,-1.000000,-1.0000,-1.0000,0.109514,Nao,1.154161,1.331192,1.238957,0.0000,0,0,N/A,1.310737|1.167176,B_cavalos_threads,B_cavalos_4096,2,
Paralelo,B_cavalos_threads,4,Guided,16,4096x4096,5000,30,0.703983,0.697326,0.711750,-1.000000,-1.0000,-1.0000,0.160560,Nao,0.583139,0.711653,0.619900,0.0000,0,0,N/A,0.595731|0.602863|0.621326|0.659679,B_cavalos_threads,B_cavalos_4096,4,
Paralelo,B_cavalos_threads,8,Guided,16,4096x4096,5000,30,0.335941,0.329432,0.341444,-1.000000,-1.0000,-1.0000,0.080185,Nao,0.304103,0.341246,0.316422,0.0000,0,0,N/A,0.311848|0.315438|0.316697|0.315890|0.318346|0.314980|0.321155|0.317026,B_cavalos_threads,B_cavalos_4096,8,
Paralelo,B_cavalos_threads,16,Guided,16,4096x4096,5000,30,0.191121,0.179964,0.225458,-1.000000,-1.0000,-1.0000,0.055577,Nao,0.172917,0.225246,0.183500,0.0000,0,0,N/A,0.182679|0.183488|0.183656|0.183612|0.184414|0.183906|0.183938|0.182854|0.183379|0.183621|0.183968|0.183034|0.183123|0.183018|0.184000|0.183304,B_cavalos_threads,B_cavalos_4096,16,
Paralelo,B_cavalos_threads,1,Static,2,4096x4096,5000,30,2.459762,2.448103,2.478249,-1.000000,-1.0000,-1.0000,0.000000,Nao,2.448078,2.478176,2.459734,0.0000,0,0,N/A,2.459734,B_cavalos_threads,B_cavalos_4096,1,
Paralelo,B_cavalos_threads,2,Static,2,4096x4096,5000,30,1.241985,1.227421,1.253940,-1.000000,-1.0000,-1.0000,0.002140,Nao,1.224093,1.253886,1.240597,0.0000,0,0,N/A,1.239627|1.241567,B_cavalos_threads,B_cavalos_4096,2,
Paralelo,B_cavalos_threads,4,Static,2,4096x4096,5000,30,0.623649,0.617312,0.630577,-1.000000,-1.0000,-1.0000,0.008862,Nao,0.613537,0.630446,0.620700,0.0000,0,0,N/A,0.620730|0.619550|0.621639|0.620883,B_cavalos_threads,B_cavalos_4096,4,
Paralelo,B_cavalos_threads,8,Static,2,4096x4096,5000,30,0.320161,0.315106,0.326879,-1.000000,-1.0000,-1.0000,0.024251,Nao,0.308648,0.326695,0.315980,0.0000,0,0,N/A,0.315056|0.315943|0.315579|0.317026|0.315888|0.315098|0.316419|0.316830,B_cavalos_threads,B_cavalos_4096,8,
Paralelo,B_cavalos_threads,16,Static,2,4096x4096,5000,30,0.189428,0.179718,0.227750,-1.000000,-1.0000,-1.0000,0.078041,Nao,0.169698,0.227387,0.180206,0.0000,0,0,N/A,0.183301|0.179927|0.180683|0.179525|0.177018|0.177572|0.181058|0.180312|0.180942|0.181138|0.180688|0.179787|0.180164|0.178280|0.181808|0.181099,B_cavalos_threads,B_cavalos_4096,16,
Paralelo,C_weak_scaling,2,Dynamic,16,5793x5793,1000,30,2.892005,2.878443,2.907749,-1.000000,-1.0000,-1.0000,0.000058,Aplicada,2.878083,2.907536,2.891867,0.0000,0,0,N/A,2.891875|2.891858,C_weak_scaling,C_weak_5793,2,
Paralelo,C_weak_scaling,4,Dynamic,16,8192x8192,1000,30,2.889334,2.879262,2.896615,-1.000000,-1.0000,-1.0000,0.000160,Aplicada,2.878613,2.896507,2.889040,0.0000,0,0,N/A,2.889076|2.888987|2.889074|2.889022,C_weak_scaling,C_weak_8192,4,
Paralelo,C_weak_scaling,8,Dynamic,16,11585x11585,1000,30,2.920844,2.911399,2.967912,-1.000000,-1.0000,-1.0000,0.000271,Aplicada,2.910460,2.967153,2.920275,0.0000,0,0,N/A,2.920302|2.920225|2.920290|2.920298|2.920284|2.920286|2.920279|2.920234,C_weak_scaling,C_weak_11585,8,
Paralelo,C_weak_scaling,16,Dynamic,16,16384x16384,1000,30,3.295229,3.223471,3.511732,-1.000000,-1.0000,-1.0000,0.000649,Aplicada,3.221386,3.511473,3.293760,0.0000,0,0,N/A,3.293277|3.293615|3.294007|3.293848|3.293771|3.293866|3.293863|3.293736|3.293744|3.293902|3.293591|3.293835|3.293659|3.293945|3.293973|3.293535,C_weak_scaling,C_weak_16384,16,
Paralelo,D_chunk_effect,16,Dynamic,1,4096x4096,5000,30,0.196405,0.176998,0.245750,-1.000000,-1.0000,-1.0000,0.009543,Nao,0.175263,0.245659,0.195789,0.0000,0,0,N/A,0.195778|0.195902|0.195373|0.195845|0.195924|0.195649|0.195870|0.195740|0.195938|0.195855|0.195725|0.195569|0.195874|0.195843|0.195778|0.195960,D_chunk_effect,B_cavalos_4096,16,
Paralelo,D_chunk_effect,16,Dynamic,2,4096x4096,5000,30,0.183630,0.177015,0.198443,-1.000000,-1.0000,-1.0000,0.008017,Nao,0.175469,0.198300,0.182803,0.0000,0,0,N/A,0.182573|0.182950|0.182700|0.182872|0.182651|0.182843|0.182869|0.182832|0.182876|0.182838|0.182843|0.182898|0.182625|0.182804|0.182881|0.182797,D_chunk_effect,B_cavalos_4096,16,
Paralelo,D_chunk_effect,16,Dynamic,4,4096x4096,5000,30,0.187693,0.178318,0.210671,-1.000000,-1.0000,-1.0000,0.016327,Nao,0.174303,0.210353,0.186085,0.0000,0,0,N/A,0.185732|0.186287|0.186274|0.186212|0.185772|0.186270|0.186101|0.186238|0.186020|0.186201|0.186131|0.185652|0.186395|0.185985|0.186050|0.186039,D_chunk_effect,B_cavalos_4096,16,
Paralelo,D_chunk_effect,16,Dynamic,16,4096x4096,5000,30,0.185169,0.180418,0.199447,-1.000000,-1.0000,-1.0000,0.037191,Nao,0.171976,0.199231,0.180739,0.0000,0,0,N/A,0.180461|0.180354|0.181484|0.180813|0.180968|0.180785|0.181170|0.180843|0.180407|0.180995|0.180911|0.180340|0.180030|0.180987|0.180756|0.180517,D_chunk_effect,B_cavalos_4096,16,
Paralelo,D_chunk_effect,16,Dynamic,64,4096x4096,5000,30,0.193027,0.185510,0.205230,-1.000000,-1.0000,-1.0000,0.109897,Nao,0.167032,0.205009,0.179817,0.0000,0,0,N/A,0.177293|0.178863|0.179248|0.179750|0.181961|0.180032|0.182315|0.178306|0.179618|0.181139|0.179840|0.179633|0.179922|0.182249|0.178829|0.178074,D_chunk_effect,B_cavalos_4096,16,
Paralelo,D_chunk_effect,16,Dynamic,256,4096x4096,5000,30,0.222528,0.215928,0.232000,-1.000000,-1.0000,-1.0000,0.526855,Nao,0.099819,0.231742,0.175037,0.0000,0,0,N/A,0.138434|0.181227|0.177053|0.179492|0.179739|0.170871|0.176477|0.174727|0.172444|0.182722|0.183678|0.178012|0.176817|0.172722|0.173171|0.183008,D_chunk_effect,B_cavalos_4096,16,
Paralelo,D_chunk_effect,16,Dynamic,1024,4096x4096,5000,30,0.705558,0.698783,0.715400,-1.000000,-1.0000,-1.0000,1.000000,Nao,0.000000,0.715186,0.155320,0.0000,0,0,N/A,0.000000|0.123604|0.164768|0.068286|0.256886|0.108841|0.138613|0.195980|0.265787|0.129807|0.185330|0.200437|0.154477|0.173333|0.151851|0.167125,D_chunk_effect,B_cavalos_4096,16,
